{
    "accuracy": 0.9796162843704224,
    "auc": 0.9944648742675781,
    "loss": 0.065482959151268,
    "precision": 0.9609195590019226,
    "recall": 1.0
}